27045182;Gab.Met.IP55 S.9000  200x 200x 150;099150;-;NO EXISTE SUBPANEL;-;0;-;NO EXISTE SUBPANEL;-;0
27045183;Gab.Met.IP55 S.9000  200x 250x 150;099164;-;NO EXISTE SUBPANEL;-;0;-;NO EXISTE SUBPANEL;-;0
27045184;Gab.Met.IP55 S.9000  200x 300x 150;099151;-;NO EXISTE SUBPANEL;-;0;-;NO EXISTE SUBPANEL;-;0
27045185;Gab.Met.IP55 S.9000  200x 300x 225;099201;-;NO EXISTE SUBPANEL;-;0;-;NO EXISTE SUBPANEL;-;0
27045186;Gab.Met.IP55 S.9000  250x 300x 150;099165;-;NO EXISTE SUBPANEL;-;0;-;NO EXISTE SUBPANEL;-;0
27045187;Gab.Met.IP55 S.9000  300x 300x 150;099153;27046839;Gab.Acc. Subp.Abis.Ciego  300x 300;099882;1;27040159;Gab.Acc. Sop.Reg.p/Subp.Prof.150mm x2u.;099901;4
27045188;Gab.Met.IP55 S.9000  300x 300x 225;099202;27046839;Gab.Acc. Subp.Abis.Ciego  300x 300;099882;1;27040160;Gab.Acc. Sop.Reg.p/Subp.Prof.225mm x2u.;099902;4
27045189;Gab.Met.IP55 S.9000  300x 300x 300;099300;27046839;Gab.Acc. Subp.Abis.Ciego  300x 300;099882;1;27040161;Gab.Acc. Sop.Reg.p/Subp.Prof.300mm x2u.;099903;4
27045190;Gab.Met.IP55 S.9000  300x 450x 150;099154;27046840;Gab.Acc. Subp.Abis.Ciego  300x 450;099884;1;27040159;Gab.Acc. Sop.Reg.p/Subp.Prof.150mm x2u.;099901;4
27045191;Gab.Met.IP55 S.9000  300x 450x 225;099203;27046840;Gab.Acc. Subp.Abis.Ciego  300x 450;099884;1;27040160;Gab.Acc. Sop.Reg.p/Subp.Prof.225mm x2u.;099902;4
27045192;Gab.Met.IP55 S.9000  300x 450x 300;099301;27046840;Gab.Acc. Subp.Abis.Ciego  300x 450;099884;1;27040161;Gab.Acc. Sop.Reg.p/Subp.Prof.300mm x2u.;099903;4
27045193;Gab.Met.IP55 S.9000  300x 600x 150;099155;27046841;Gab.Acc. Subp.Abis.Ciego  300x 600;099885;1;27040159;Gab.Acc. Sop.Reg.p/Subp.Prof.150mm x2u.;099901;4
27045194;Gab.Met.IP55 S.9000  300x 600x 225;099204;27046841;Gab.Acc. Subp.Abis.Ciego  300x 600;099885;1;27040160;Gab.Acc. Sop.Reg.p/Subp.Prof.225mm x2u.;099902;4
27045195;Gab.Met.IP55 S.9000  300x 600x 300;099302;27046841;Gab.Acc. Subp.Abis.Ciego  300x 600;099885;1;27040161;Gab.Acc. Sop.Reg.p/Subp.Prof.300mm x2u.;099903;4
27045196;Gab.Met.IP55 S.9000  400x 500x 150;099167;-;NO EXISTE SUBPANEL;-;0;-;NO EXISTE SUBPANEL;-;0
27045197;Gab.Met.IP55 S.9000  400x 500x 225;099216;-;NO EXISTE SUBPANEL;-;0;-;NO EXISTE SUBPANEL;-;0
27045198;Gab.Met.IP55 S.9000  450x 450x 150;099156;27046842;Gab.Acc. Subp.Abis.Ciego  450x 450;099888;1;27040159;Gab.Acc. Sop.Reg.p/Subp.Prof.150mm x2u.;099901;4
27045199;Gab.Met.IP55 S.9000  450x 450x 225;099205;27046842;Gab.Acc. Subp.Abis.Ciego  450x 450;099888;1;27040160;Gab.Acc. Sop.Reg.p/Subp.Prof.225mm x2u.;099902;4
27045200;Gab.Met.IP55 S.9000  450x 450x 300;099303;27046842;Gab.Acc. Subp.Abis.Ciego  450x 450;099888;1;27040161;Gab.Acc. Sop.Reg.p/Subp.Prof.300mm x2u.;099903;4
27045201;Gab.Met.IP55 S.9000  450x 600x 150;099157;27046843;Gab.Acc. Subp.Abis.Ciego  450x 600;099889;1;27040159;Gab.Acc. Sop.Reg.p/Subp.Prof.150mm x2u.;099901;4
27045202;Gab.Met.IP55 S.9000  450x 600x 225;099206;27046843;Gab.Acc. Subp.Abis.Ciego  450x 600;099889;1;27040160;Gab.Acc. Sop.Reg.p/Subp.Prof.225mm x2u.;099902;4
27045203;Gab.Met.IP55 S.9000  450x 600x 300;099304;27046843;Gab.Acc. Subp.Abis.Ciego  450x 600;099889;1;27040161;Gab.Acc. Sop.Reg.p/Subp.Prof.300mm x2u.;099903;4
27045204;Gab.Met.IP55 S.9000  450x 750x 150;099163;27046844;Gab.Acc. Subp.Abis.Ciego  450x 750;099890;1;27040159;Gab.Acc. Sop.Reg.p/Subp.Prof.150mm x2u.;099901;4
27045205;Gab.Met.IP55 S.9000  450x 750x 225;099207;27046844;Gab.Acc. Subp.Abis.Ciego  450x 750;099890;1;27040160;Gab.Acc. Sop.Reg.p/Subp.Prof.225mm x2u.;099902;4
27045206;Gab.Met.IP55 S.9000  450x 750x 300;099310;27046844;Gab.Acc. Subp.Abis.Ciego  450x 750;099890;1;27040161;Gab.Acc. Sop.Reg.p/Subp.Prof.300mm x2u.;099903;4
27045207;Gab.Met.IP55 S.9000  500x 600x 150;099168;-;NO EXISTE SUBPANEL;-;;-;NO EXISTE SUBPANEL;-;0
27045208;Gab.Met.IP55 S.9000  500x 600x 225;099217;-;NO EXISTE SUBPANEL;-;;-;NO EXISTE SUBPANEL;-;0
27045209;Gab.Met.IP55 S.9000  600x 600x 150;099158;27046845;Gab.Acc. Subp.Abis.Ciego  600x 600;099893;1;27040159;Gab.Acc. Sop.Reg.p/Subp.Prof.150mm x2u.;099901;4
27045210;Gab.Met.IP55 S.9000  600x 600x 225;099208;27046845;Gab.Acc. Subp.Abis.Ciego  600x 600;099893;1;27040160;Gab.Acc. Sop.Reg.p/Subp.Prof.225mm x2u.;099902;4
27045211;Gab.Met.IP55 S.9000  600x 600x 300;099305;27046845;Gab.Acc. Subp.Abis.Ciego  600x 600;099893;1;27040161;Gab.Acc. Sop.Reg.p/Subp.Prof.300mm x2u.;099903;4
27045212;Gab.Met.IP55 S.9000  600x 750x 150;099159;27046846;Gab.Acc. Subp.Abis.Ciego  600x 750;099894;1;27040159;Gab.Acc. Sop.Reg.p/Subp.Prof.150mm x2u.;099901;4
27045213;Gab.Met.IP55 S.9000  600x 750x 225;099209;27046846;Gab.Acc. Subp.Abis.Ciego  600x 750;099894;1;27040160;Gab.Acc. Sop.Reg.p/Subp.Prof.225mm x2u.;099902;4
27045214;Gab.Met.IP55 S.9000  600x 750x 300;099306;27046846;Gab.Acc. Subp.Abis.Ciego  600x 750;099894;1;27040161;Gab.Acc. Sop.Reg.p/Subp.Prof.300mm x2u.;099903;4
27045215;Gab.Met.IP55 S.9000  600x 900x 150;099160;27046847;Gab.Acc. Subp.Abis.Ciego  600x 900;099895;1;27040159;Gab.Acc. Sop.Reg.p/Subp.Prof.150mm x2u.;099901;6
27045216;Gab.Met.IP55 S.9000  600x 900x 225;099210;27046847;Gab.Acc. Subp.Abis.Ciego  600x 900;099895;1;27040160;Gab.Acc. Sop.Reg.p/Subp.Prof.225mm x2u.;099902;6
27045217;Gab.Met.IP55 S.9000  600x 900x 300;099307;27046847;Gab.Acc. Subp.Abis.Ciego  600x 900;099895;1;27040161;Gab.Acc. Sop.Reg.p/Subp.Prof.300mm x2u.;099903;6
27045218;Gab.Met.IP55 S.9000  600x1050x 150;099162;27046848;Gab.Acc. Subp.Abis.Ciego  600x1050;099897;1;27040159;Gab.Acc. Sop.Reg.p/Subp.Prof.150mm x2u.;099901;6
27045219;Gab.Met.IP55 S.9000  600x1050x 225;099212;27046848;Gab.Acc. Subp.Abis.Ciego  600x1050;099897;1;27040160;Gab.Acc. Sop.Reg.p/Subp.Prof.225mm x2u.;099902;6
27045220;Gab.Met.IP55 S.9000  600x1050x 300;099308;27046848;Gab.Acc. Subp.Abis.Ciego  600x1050;099897;1;27040161;Gab.Acc. Sop.Reg.p/Subp.Prof.300mm x2u.;099903;6
27045221;Gab.Met.IP55 S.9000  600x1200x 150;099161;27046849;Gab.Acc. Subp.Abis.Ciego  600x1200;099898;1;27040159;Gab.Acc. Sop.Reg.p/Subp.Prof.150mm x2u.;099901;6
27045222;Gab.Met.IP55 S.9000  600x1200x 225;099211;27046849;Gab.Acc. Subp.Abis.Ciego  600x1200;099898;1;27040160;Gab.Acc. Sop.Reg.p/Subp.Prof.225mm x2u.;099902;6
27045223;Gab.Met.IP55 S.9000  600x1200x 300;099309;27046849;Gab.Acc. Subp.Abis.Ciego  600x1200;099898;1;27040161;Gab.Acc. Sop.Reg.p/Subp.Prof.300mm x2u.;099903;6
27045224;Gab.Met.IP55 S.9000  750x 750x 225;099213;27046850;Gab.Acc. Subp.Abis.Ciego  750x 750;099891;1;27040160;Gab.Acc. Sop.Reg.p/Subp.Prof.225mm x2u.;099902;6
27045225;Gab.Met.IP55 S.9000  750x 750x 300;099314;27046850;Gab.Acc. Subp.Abis.Ciego  750x 750;099891;1;27040161;Gab.Acc. Sop.Reg.p/Subp.Prof.300mm x2u.;099903;6
27045226;Gab.Met.IP55 S.9000  750x 900x 225;099215;27046851;Gab.Acc. Subp.Abis.Ciego  750x 900;099896;1;27040160;Gab.Acc. Sop.Reg.p/Subp.Prof.225mm x2u.;099902;6
27045227;Gab.Met.IP55 S.9000  750x 900x 300;099311;27046851;Gab.Acc. Subp.Abis.Ciego  750x 900;099896;1;27040161;Gab.Acc. Sop.Reg.p/Subp.Prof.300mm x2u.;099903;6
27045228;Gab.Met.IP55 S.9000  750x1200x 225;099214;27046852;Gab.Acc. Subp.Abis.Ciego  750x1200;099899;1;27040160;Gab.Acc. Sop.Reg.p/Subp.Prof.225mm x2u.;099902;6
27045229;Gab.Met.IP55 S.9000  750x1200x 300;099312;27046852;Gab.Acc. Subp.Abis.Ciego  750x1200;099899;1;27040161;Gab.Acc. Sop.Reg.p/Subp.Prof.300mm x2u.;099903;6
